{"cameraMode":{"drawMode":0,"name":"Shaded","section":"Shading Mode"},"sceneLighting":true,"audioPlay":false,"sceneViewState":{"showFog":true,"showMaterialUpdate":false,"showSkybox":true,"showFlares":true,"showImageEffects":true,"showParticleSystems":true},"in2DMode":false,"pivot":{"x":3.878599166870117,"y":0.8537921905517578,"z":6.346923828125},"rotation":{"x":0.09760455787181854,"y":-0.8943560123443604,"z":0.2388755977153778,"w":0.36543387174606326},"size":14.977170944213868,"orthographic":true}